{"autoplayTransitionDelay":5,"author":"","timestamp":"2025-1-6 17:3:0","loopSlideshow":0,"filename":"RFIs on-site Manual.key","autoplayBuildDelay":2,"comment":"","title":"RFIs on-site Manual.key","showMode":0,"creator":"Apple Keynote 14.3","slideList":["B926B7A3-2C2B-4434-9B9D-500042DE0652"],"soundtrack":{"mode":0,"volume":1},"slideWidth":786,"slideHeight":1024,"slideCount":1,"majorVersion":1,"minorVersion":2,"fonts":["HelveticaNeue-Light","HelveticaNeue-Bold","HelveticaNeue-Medium","HelveticaNeue","Helvetica"]}